{"data_time": 0.004657790000237583, "eta_seconds": 4386.755934190351, "fast_rcnn/cls_accuracy": 0.7109375, "fast_rcnn/false_negative": 0.8125, "fast_rcnn/fg_cls_accuracy": 0.1875, "iteration": 19, "loss_box_reg": 0.022448629140853882, "loss_cls": 0.9472354054450989, "loss_mask": 0.6937687993049622, "loss_rpn_cls": 2.4382494688034058, "loss_rpn_loc": 0.21940770000219345, "lr": 4.99525e-06, "mask_rcnn/accuracy": 0.44411670918367346, "mask_rcnn/false_negative": 0.7957845740697902, "mask_rcnn/false_positive": 0.3337902045684088, "rank_data_time": 0.004657790000237583, "roi_head/num_bg_samples": 48.0, "roi_head/num_fg_samples": 16.0, "rpn/num_neg_anchors": 128.0, "rpn/num_pos_anchors": 128.0, "time": 4.476281565500358, "total_loss": 4.324427831918001}
{"data_time": 0.0024345274996449007, "eta_seconds": 4145.765377920179, "fast_rcnn/cls_accuracy": 0.75, "fast_rcnn/false_negative": 1.0, "fast_rcnn/fg_cls_accuracy": 0.0, "iteration": 39, "loss_box_reg": 0.21563004702329636, "loss_cls": 0.852030873298645, "loss_mask": 0.6900509297847748, "loss_rpn_cls": 0.5900174081325531, "loss_rpn_loc": 0.19451627880334854, "lr": 9.99025e-06, "mask_rcnn/accuracy": 0.7584901147959184, "mask_rcnn/false_negative": 0.05457366095277651, "mask_rcnn/false_positive": 0.3601329625625157, "rank_data_time": 0.0024345274996449007, "roi_head/num_bg_samples": 48.0, "roi_head/num_fg_samples": 16.0, "rpn/num_neg_anchors": 128.0, "rpn/num_pos_anchors": 128.0, "time": 4.095421402999818, "total_loss": 2.5276262685656548}
{"data_time": 0.002499515999261348, "eta_seconds": 3921.7773341800057, "fast_rcnn/cls_accuracy": 0.75, "fast_rcnn/false_negative": 1.0, "fast_rcnn/fg_cls_accuracy": 0.0, "iteration": 59, "loss_box_reg": 0.5359284281730652, "loss_cls": 0.7941541373729706, "loss_mask": 0.6798869967460632, "loss_rpn_cls": 0.2483501210808754, "loss_rpn_loc": 0.1754603460431099, "lr": 1.4985249999999999e-05, "mask_rcnn/accuracy": 0.7114556760204082, "mask_rcnn/false_negative": 0.008725915328377265, "mask_rcnn/false_positive": 0.5110329090448448, "rank_data_time": 0.002499515999261348, "roi_head/num_bg_samples": 48.0, "roi_head/num_fg_samples": 16.0, "rpn/num_neg_anchors": 128.0, "rpn/num_pos_anchors": 128.0, "time": 3.910597384500761, "total_loss": 2.419101022183895}
{"eta_seconds": 3909.546981287349, "fast_rcnn/cls_accuracy": 0.75, "fast_rcnn/false_negative": 1.0, "fast_rcnn/fg_cls_accuracy": 0.0, "iteration": 63, "mask_rcnn/accuracy": 0.7114556760204082, "mask_rcnn/false_negative": 0.006660952417087331, "mask_rcnn/false_positive": 0.5137850301933583, "roi_head/num_bg_samples": 48.0, "roi_head/num_fg_samples": 16.0, "rpn/num_neg_anchors": 128.0, "rpn/num_pos_anchors": 128.0}
{"data_time": 0.002520387999538798, "iteration": 62, "loss_box_reg": 0.5593001842498779, "loss_cls": 0.7799078226089478, "loss_mask": 0.6782200336456299, "loss_rpn_cls": 0.22797689586877823, "loss_rpn_loc": 0.1720699667930603, "lr": 1.57345e-05, "rank_data_time": 0.002520387999538798, "time": 4.038484290999804, "total_loss": 2.4037655740976334}
